{
  "project_info": {
    "project_number": "441358950384",
    "project_id": "project1-mobdev-zach-917588096",
    "storage_bucket": "project1-mobdev-zach-917588096.appspot.com"
  },
  "client": [
    {
      "client_info": {
        "mobilesdk_app_id": "1:441358950384:android:9292fdce7aac30e1e54735",
        "android_client_info": {
          "package_name": "com.example.project1_mobdev_zach_917588096"
        }
      },
      "oauth_client": [],
      "api_key": [
        {
          "current_key": "AIzaSyCxUmLUzyRTKFlA5Z50BzL5UXM7aeyVCeg"
        }
      ],
      "services": {
        "appinvite_service": {
          "other_platform_oauth_client": []
        }
      }
    }
  ],
  "configuration_version": "1"
}